matricula_id,curso_id,periodo_evaluacion_id,nota_curso,promedio_general,porcentaje_asistencia,cantidad_evaluaciones_registradas,fracaso_curso
1,13,6,10.10,13.20,65.00,10,1
2,13,5,9.80,13.20,50.00,7,1
3,13,8,15.70,17.60,90.00,16,0
4,2,7,10.10,11.60,67.00,4,1
5,18,6,18.80,20.00,100.00,16,0
6,12,6,10.10,11.00,80.00,3,1
7,9,8,15.00,16.80,92.00,13,0
8,11,7,19.70,20.00,95.00,20,0
9,8,8,14.70,16.10,83.00,13,0
10,5,7,13.60,15.70,83.00,6,0
11,10,5,10.90,12.00,76.00,9,1
12,3,7,16.70,17.60,95.00,12,0
13,3,8,12.00,12.00,73.00,6,0
14,13,7,18.30,19.40,94.00,16,0
15,18,7,10.50,14.60,81.00,6,1
16,17,8,11.70,12.50,78.00,13,0
17,17,5,13.90,15.00,81.00,9,0
18,12,7,14.50,15.50,97.00,18,0
19,18,7,15.60,18.40,92.00,20,0
20,3,7,6.90,12.10,67.00,3,1
21,19,8,10.90,14.20,86.00,12,1
22,16,8,10.00,11.90,45.00,7,1
23,12,7,13.70,16.10,76.00,6,0
24,12,7,14.60,16.00,72.00,10,0
25,2,8,17.00,19.00,99.00,18,0
26,20,8,16.80,19.20,100.00,18,0
27,2,5,5.20,8.40,66.00,8,1
28,16,6,11.20,11.80,77.00,13,0
29,12,6,19.40,20.00,89.00,16,0
30,17,5,9.10,10.00,62.00,5,1
31,20,6,14.80,19.30,91.00,10,0
32,2,5,17.30,19.90,91.00,20,0
33,8,7,7.60,13.30,59.00,2,1
34,4,5,18.90,20.00,96.00,17,0
35,7,7,7.20,8.40,56.00,7,1
36,12,6,10.80,15.90,90.00,15,1
37,15,7,7.80,12.80,67.00,10,1
38,8,8,12.90,13.20,74.00,10,0
39,11,7,15.40,16.00,90.00,16,0
40,3,5,12.10,16.20,90.00,15,0
41,7,7,15.60,17.70,98.00,18,0
42,9,6,12.20,14.10,76.00,14,0
43,14,6,19.60,19.70,93.00,18,0
44,10,6,14.50,16.90,82.00,9,0
45,3,7,6.50,13.20,80.00,10,1
46,3,8,18.20,19.90,93.00,20,0
47,20,6,12.20,15.50,93.00,5,0
48,8,6,19.90,20.00,91.00,20,0
49,13,6,6.10,11.40,72.00,7,1
50,9,7,16.60,19.40,98.00,20,0
51,8,7,13.90,14.00,77.00,9,0
52,19,5,14.80,15.40,74.00,14,0
53,5,7,19.70,20.00,96.00,18,0
54,13,6,13.30,15.00,84.00,12,0
55,14,7,6.10,9.80,79.00,7,1
56,2,6,18.30,19.30,95.00,18,0
57,13,6,9.70,10.50,77.00,9,1
58,5,5,5.40,8.20,63.00,6,1
59,13,6,19.80,20.00,88.00,20,0
60,6,7,17.20,18.80,96.00,13,0
61,7,5,15.30,19.20,93.00,11,0
62,2,7,16.00,18.40,96.00,15,0
63,20,6,14.00,14.80,83.00,8,0
64,18,8,10.50,11.00,48.00,7,1
65,3,7,10.40,11.60,80.00,10,1
66,8,7,11.20,12.00,89.00,7,0
67,19,6,11.20,15.50,79.00,6,0
68,3,7,6.70,11.90,69.00,5,1
69,5,6,7.90,8.00,64.00,4,1
70,7,8,7.30,11.80,70.00,4,1
71,1,6,17.50,19.60,93.00,14,0
72,15,8,9.10,11.00,48.00,7,1
73,4,5,7.50,11.60,74.00,4,1
74,5,7,17.20,18.00,91.00,19,0
75,6,8,19.50,20.00,92.00,17,0
76,17,5,19.20,20.00,98.00,17,0
77,8,5,17.50,19.00,93.00,20,0
78,2,7,12.50,16.20,92.00,13,0
79,19,8,13.70,14.00,73.00,5,0
80,11,8,9.50,11.80,58.00,2,1
81,17,7,15.40,16.50,99.00,20,0
82,14,6,16.70,17.10,94.00,17,0
83,20,5,14.60,15.80,94.00,12,0
84,7,7,20.00,20.00,89.00,15,0
85,12,7,19.40,20.00,93.00,20,0
86,18,5,7.40,10.80,51.00,9,1
87,13,6,14.30,14.00,94.00,11,0
88,6,6,18.30,19.80,88.00,13,0
89,2,8,19.10,19.00,99.00,18,0
90,12,6,17.00,19.20,96.00,16,0
91,18,8,12.00,15.70,78.00,11,0
92,16,6,13.50,15.30,82.00,13,0
93,12,6,12.60,15.30,80.00,15,0
94,14,8,10.90,12.00,56.00,6,1
95,4,6,13.10,15.00,81.00,6,0
96,4,8,13.10,13.00,72.00,5,0
97,1,8,16.60,19.00,97.00,12,0
98,17,7,18.70,19.00,92.00,13,0
99,18,6,16.40,18.20,96.00,12,0
100,9,6,11.40,15.20,73.00,14,0
101,17,8,12.00,14.60,88.00,7,0
102,10,8,12.40,15.30,90.00,5,0
103,1,5,5.20,11.50,50.00,7,1
104,11,8,14.40,14.40,85.00,12,0
105,3,7,13.40,14.00,86.00,13,0
106,10,8,11.00,12.60,90.00,7,0
107,9,7,14.20,14.60,78.00,9,0
108,6,5,14.90,15.60,95.00,18,0
109,16,8,9.40,13.10,59.00,3,1
110,13,7,12.90,14.00,93.00,8,0
111,5,8,16.30,17.30,95.00,19,0
112,6,5,17.90,20.00,93.00,16,0
113,1,7,9.40,10.00,57.00,8,1
114,4,6,19.10,19.50,90.00,11,0
115,17,7,11.30,15.90,73.00,13,0
116,5,5,9.40,10.80,47.00,6,1
117,4,6,11.90,14.40,92.00,10,0
118,16,8,10.20,11.00,68.00,5,1
119,6,7,6.10,12.30,81.00,6,1
120,2,7,14.30,16.00,82.00,9,0
121,12,6,18.30,20.00,93.00,20,0
122,9,5,11.00,12.00,67.00,4,1
123,5,5,11.30,14.90,81.00,10,0
124,9,5,14.80,19.30,91.00,14,0
125,5,6,9.30,12.60,73.00,3,1
126,13,7,14.30,14.00,73.00,7,0
127,7,5,18.00,18.70,94.00,14,0
128,9,5,10.60,12.40,95.00,9,1
129,15,7,18.90,19.10,95.00,20,0
130,7,7,5.50,12.30,58.00,3,1
131,16,7,11.50,16.90,84.00,8,0
132,8,5,8.30,12.20,76.00,2,1
133,6,7,5.70,10.20,59.00,9,1
134,14,7,12.40,15.80,90.00,15,0
135,13,8,19.40,20.00,89.00,19,0
136,19,6,19.70,19.90,98.00,16,0
137,12,8,13.20,16.00,77.00,6,0
138,18,7,6.40,9.60,78.00,9,1
139,16,7,12.30,16.70,89.00,11,0
140,7,5,7.70,8.10,54.00,10,1
141,5,6,6.10,9.40,70.00,10,1
142,5,6,12.50,17.00,79.00,11,0
143,13,6,14.60,16.80,83.00,10,0
144,5,8,10.70,12.40,87.00,5,1
145,14,8,11.20,17.00,88.00,5,0
146,6,5,13.10,13.10,75.00,10,0
147,20,7,5.30,9.10,75.00,10,1
148,17,8,7.90,10.00,60.00,5,1
149,8,5,11.20,14.50,91.00,10,0
150,19,8,8.90,11.90,67.00,5,1
151,16,8,8.80,8.80,81.00,3,1
152,20,7,12.30,16.50,85.00,8,0
153,11,5,12.30,13.00,91.00,6,0
154,1,8,19.60,20.00,97.00,15,0
155,17,5,10.00,11.00,73.00,5,1
156,6,7,8.30,13.40,71.00,8,1
157,19,5,12.50,15.80,93.00,11,0
158,14,7,16.10,18.20,97.00,18,0
159,4,8,10.80,11.00,76.00,3,1
160,3,8,11.10,12.10,88.00,13,0
161,11,8,11.40,17.00,77.00,12,0
162,1,6,13.70,15.00,87.00,13,0
163,15,8,16.00,20.00,100.00,11,0
164,17,7,7.20,12.20,75.00,9,1
165,1,5,9.30,13.20,46.00,2,1
166,7,7,11.20,15.20,89.00,14,0
167,9,8,16.20,17.60,98.00,17,0
168,9,8,16.00,16.00,88.00,18,0
169,4,5,19.00,20.00,93.00,16,0
170,5,6,16.10,20.00,96.00,13,0
171,18,7,19.60,20.00,95.00,18,0
172,10,8,18.60,20.00,93.00,20,0
173,14,5,11.60,12.50,82.00,13,0
174,11,8,15.90,17.00,90.00,16,0
175,5,8,7.80,10.70,69.00,5,1
176,7,5,19.30,20.00,91.00,13,0
177,12,6,9.00,13.20,75.00,10,1
178,8,8,16.10,18.30,99.00,11,0
179,8,5,19.90,20.00,93.00,19,0
180,5,5,17.70,19.00,96.00,15,0
181,9,7,16.50,17.20,90.00,14,0
182,4,7,13.30,16.30,92.00,7,0
183,14,8,13.30,16.40,93.00,8,0
184,8,7,10.70,12.00,63.00,8,1
185,16,7,11.20,17.00,80.00,11,0
186,17,7,9.20,12.30,47.00,3,1
187,8,7,14.60,16.00,85.00,12,0
188,8,8,10.70,11.00,63.00,3,1
189,10,7,10.80,10.90,46.00,2,1
190,2,7,12.70,16.60,88.00,13,0
191,3,6,7.60,11.40,78.00,5,1
192,7,7,11.00,12.80,79.00,10,0
193,1,7,9.70,10.00,65.00,2,1
194,20,8,9.40,10.00,45.00,5,1
195,12,6,9.50,13.00,57.00,6,1
196,8,8,5.90,12.00,59.00,9,1
197,5,7,16.60,16.80,98.00,17,0
198,4,6,15.50,17.40,94.00,15,0
199,18,8,14.60,18.00,100.00,16,0
200,14,5,17.50,20.00,95.00,13,0
201,7,7,18.20,19.60,94.00,15,0
202,20,6,19.30,19.60,92.00,20,0
203,9,5,16.30,16.30,100.00,15,0
204,8,6,17.10,19.40,96.00,13,0
205,17,5,10.50,15.30,88.00,9,1
206,5,6,16.10,19.70,89.00,20,0
207,6,8,15.60,16.00,89.00,15,0
208,16,7,14.60,15.30,73.00,10,0
209,3,7,13.40,14.70,90.00,11,0
210,20,6,12.90,15.70,88.00,11,0
211,18,5,11.00,16.50,78.00,14,0
212,2,6,19.10,20.00,96.00,20,0
213,6,7,5.80,11.00,77.00,8,1
214,13,5,10.60,11.00,66.00,5,1
215,11,6,11.10,13.80,84.00,13,0
216,6,7,20.00,20.00,93.00,20,0
217,6,7,14.70,17.50,92.00,11,0
218,13,5,8.10,9.60,62.00,3,1
219,9,7,6.30,9.70,64.00,8,1
220,7,5,13.30,15.20,74.00,12,0
221,20,5,6.50,12.00,61.00,7,1
222,3,6,13.70,16.40,90.00,10,0
223,9,5,14.70,18.20,99.00,11,0
224,16,6,6.50,9.20,67.00,9,1
225,8,6,16.60,18.00,100.00,14,0
226,17,6,18.50,19.50,96.00,16,0
227,20,5,11.00,13.00,61.00,5,1
228,14,7,16.00,18.90,97.00,12,0
229,5,6,14.70,17.00,75.00,10,0
230,16,6,9.20,13.40,77.00,4,1
231,7,7,18.80,20.00,99.00,18,0
232,15,7,11.30,14.30,84.00,15,0
233,16,5,7.70,10.10,53.00,4,1
234,15,6,13.10,14.10,78.00,13,0
235,18,7,6.30,11.30,63.00,9,1
236,13,6,6.80,9.40,78.00,7,1
237,7,7,6.60,11.80,75.00,9,1
238,7,7,13.80,15.00,78.00,7,0
239,12,6,12.60,13.90,77.00,6,0
240,10,6,14.30,14.40,77.00,5,0
241,20,7,8.60,9.40,55.00,4,1
242,17,5,13.50,14.00,95.00,8,0
243,10,6,7.60,10.30,62.00,3,1
244,2,5,9.80,11.00,73.00,10,1
245,18,8,15.00,19.40,90.00,17,0
246,2,7,10.00,11.00,45.00,6,1
247,4,7,13.20,15.80,93.00,10,0
248,11,6,10.80,10.80,74.00,6,1
249,13,7,6.90,12.60,69.00,5,1
250,15,7,19.30,20.00,100.00,16,0
251,12,8,9.80,10.70,50.00,10,1
252,7,5,10.50,15.70,89.00,14,1
253,18,6,5.90,10.50,56.00,8,1
254,19,7,9.70,10.20,68.00,9,1
255,10,6,12.70,13.60,91.00,10,0
256,10,5,18.40,19.30,95.00,18,0
257,14,5,18.50,19.60,96.00,18,0
258,20,5,9.50,11.50,75.00,3,1
259,1,5,6.20,12.80,67.00,10,1
260,16,5,11.00,12.00,55.00,6,1
261,11,7,15.60,16.30,98.00,12,0
262,16,8,14.60,18.10,91.00,15,0
263,14,6,6.60,11.90,74.00,3,1
264,1,5,5.50,13.40,81.00,6,1
265,7,6,7.00,10.20,78.00,8,1
266,6,6,9.20,13.40,50.00,4,1
267,8,6,14.70,16.00,95.00,8,0
268,11,7,6.80,9.80,46.00,7,1
269,18,5,17.90,19.00,89.00,12,0
270,20,7,17.30,18.00,91.00,15,0
271,20,5,16.30,17.10,90.00,13,0
272,9,8,14.00,16.70,80.00,9,0
273,2,5,15.00,16.00,84.00,8,0
274,3,8,19.30,20.00,92.00,15,0
275,2,6,6.20,8.50,68.00,5,1
276,18,8,5.00,8.50,47.00,9,1
277,11,6,18.30,19.80,95.00,20,0
278,1,8,5.20,13.30,66.00,3,1
279,9,6,14.90,16.40,89.00,13,0
280,7,6,12.10,14.00,74.00,8,0
281,9,7,12.30,13.00,95.00,13,0
282,2,6,10.70,16.90,82.00,9,1
283,6,8,19.60,20.00,91.00,18,0
284,12,8,19.70,20.00,93.00,13,0
285,8,6,12.00,13.00,80.00,10,0
286,15,5,14.50,16.00,74.00,5,0
287,4,7,7.20,11.30,65.00,4,1
288,14,8,14.90,15.30,81.00,6,0
289,8,8,11.30,14.50,76.00,10,0
290,17,6,13.00,15.20,72.00,5,0
291,15,8,19.20,20.00,98.00,15,0
292,15,5,6.20,8.30,68.00,9,1
293,16,7,13.30,15.00,73.00,8,0
294,3,7,19.60,20.00,99.00,17,0
295,11,7,12.60,13.30,73.00,6,0
296,16,7,16.80,18.60,90.00,17,0
297,9,5,11.00,16.70,94.00,13,0
298,1,5,14.30,16.00,91.00,15,0
299,9,6,10.50,12.80,49.00,7,1
300,1,6,11.00,13.40,78.00,3,1
301,4,5,19.40,19.50,99.00,17,0
302,15,5,19.00,20.00,100.00,19,0
303,11,5,15.30,19.30,100.00,20,0
304,3,8,18.60,20.00,89.00,14,0
305,2,8,7.90,8.20,45.00,8,1
306,12,5,10.70,16.30,82.00,12,1
307,14,8,12.80,14.40,84.00,9,0
308,15,6,18.40,18.00,91.00,18,0
309,12,7,6.30,12.90,50.00,3,1
310,19,8,15.80,19.20,93.00,14,0
311,16,5,17.10,19.00,100.00,10,0
312,2,6,6.80,9.10,68.00,4,1
313,15,5,12.10,12.20,91.00,13,0
314,10,5,7.20,9.90,47.00,8,1
315,1,5,17.50,19.50,91.00,20,0
316,7,6,15.90,18.40,94.00,10,0
317,4,8,19.40,20.00,89.00,16,0
318,6,6,8.70,10.40,70.00,5,1
319,14,6,13.30,16.40,89.00,14,0
320,4,5,7.30,10.10,63.00,3,1
321,11,7,17.00,18.00,98.00,10,0
322,9,7,11.90,14.90,74.00,8,0
323,7,6,15.90,17.00,91.00,10,0
324,13,5,10.60,12.20,57.00,7,1
325,18,8,11.80,16.30,81.00,5,0
326,7,5,10.00,10.20,76.00,5,1
327,2,8,13.00,14.00,76.00,6,0
328,19,5,17.20,17.50,93.00,13,0
329,6,7,17.50,18.90,95.00,16,0
330,11,5,6.80,9.20,46.00,3,1
331,6,8,7.90,12.80,63.00,2,1
332,8,6,17.40,17.50,91.00,13,0
333,19,7,8.70,12.00,59.00,6,1
334,2,5,8.90,11.40,69.00,4,1
335,8,6,12.80,14.00,85.00,7,0
336,17,5,10.10,11.00,78.00,6,1
337,19,6,9.40,11.30,61.00,8,1
338,14,8,13.00,14.80,81.00,12,0
339,18,6,13.10,15.90,82.00,12,0
340,11,8,14.60,17.00,85.00,6,0
341,15,6,5.30,10.70,66.00,10,1
342,13,6,10.70,12.00,80.00,14,1
343,5,7,13.10,13.00,89.00,5,0
344,20,8,18.70,19.00,88.00,20,0
345,9,7,9.10,13.00,71.00,5,1
346,12,5,14.80,17.00,91.00,7,0
347,19,7,15.70,16.00,100.00,16,0
348,7,5,14.90,19.30,99.00,14,0
349,5,8,14.60,16.00,90.00,12,0
350,2,8,17.70,20.00,96.00,19,0
351,19,7,16.20,17.20,92.00,12,0
352,16,8,13.80,16.00,89.00,9,0
353,7,8,17.60,18.30,91.00,11,0
354,14,7,6.70,13.20,62.00,4,1
355,13,5,14.70,14.90,75.00,7,0
356,19,5,5.10,10.10,51.00,8,1
357,2,7,19.10,19.00,97.00,15,0
358,7,5,18.40,19.00,89.00,17,0
359,1,6,17.90,18.70,93.00,15,0
360,13,5,12.80,14.20,82.00,11,0
361,8,6,9.20,10.70,70.00,5,1
362,19,7,18.70,19.00,92.00,18,0
363,13,6,7.00,13.40,80.00,7,1
364,3,6,14.50,17.70,89.00,18,0
365,7,8,12.30,14.00,79.00,7,0
366,20,8,10.00,11.00,70.00,6,1
367,13,7,19.00,20.00,92.00,12,0
368,9,7,18.10,19.00,95.00,15,0
369,6,6,14.90,18.10,99.00,11,0
370,15,5,12.00,16.40,79.00,15,0
371,9,6,15.70,17.80,91.00,20,0
372,14,6,7.00,9.60,71.00,2,1
373,17,8,12.70,13.00,87.00,8,0
374,3,8,14.90,15.00,76.00,11,0
375,8,8,17.30,17.70,92.00,10,0
376,1,8,13.80,14.00,79.00,8,0
377,20,7,17.30,18.00,91.00,18,0
378,2,7,6.00,11.00,54.00,3,1
379,20,6,11.80,13.70,84.00,15,0
380,20,6,6.50,12.30,64.00,6,1
381,16,8,10.00,12.00,72.00,9,1
382,20,8,17.30,19.90,89.00,11,0
383,10,6,7.90,10.20,78.00,3,1
384,3,7,14.10,15.30,72.00,13,0
385,17,8,6.80,11.90,77.00,5,1
386,11,5,18.30,19.60,99.00,18,0
387,17,5,8.10,10.20,71.00,4,1
388,7,7,17.80,20.00,88.00,19,0
389,5,6,17.60,19.00,96.00,10,0
390,20,8,12.10,12.20,83.00,15,0
391,8,8,18.30,18.30,88.00,20,0
392,20,5,5.90,10.10,65.00,5,1
393,2,8,17.40,18.00,89.00,17,0
394,5,7,19.50,20.00,92.00,17,0
395,6,6,14.90,18.40,88.00,17,0
396,16,8,17.00,17.50,91.00,13,0
397,18,8,6.90,8.60,46.00,5,1
398,3,6,8.80,13.00,56.00,9,1
399,17,6,5.80,9.80,45.00,9,1
400,14,5,19.50,20.00,97.00,18,0
401,18,6,14.30,16.00,86.00,10,0
402,5,5,12.30,16.50,86.00,8,0
403,11,6,12.60,15.20,75.00,14,0
404,10,7,8.60,10.60,45.00,5,1
405,11,6,7.10,10.60,70.00,3,1
406,16,7,19.80,20.00,94.00,10,0
407,11,5,9.20,10.00,61.00,5,1
408,3,8,16.90,19.80,98.00,20,0
409,16,7,18.10,20.00,92.00,20,0
410,2,7,12.20,13.00,94.00,13,0
411,20,8,5.70,12.00,67.00,5,1
412,20,5,8.10,11.10,71.00,8,1
413,9,8,19.50,20.00,92.00,20,0
414,14,6,12.40,14.00,79.00,12,0
415,2,7,10.90,13.00,55.00,3,1
416,3,7,13.10,15.80,77.00,9,0
417,3,7,12.40,15.10,85.00,10,0
418,11,6,15.10,17.90,92.00,20,0
419,10,6,13.20,16.20,93.00,14,0
420,10,8,11.10,14.50,79.00,10,0
421,7,8,8.90,10.00,74.00,4,1
422,11,5,10.10,10.00,67.00,2,1
423,14,7,19.50,20.00,88.00,18,0
424,18,6,6.20,8.60,79.00,4,1
425,15,7,7.80,9.90,67.00,9,1
426,16,6,13.50,16.90,78.00,8,0
427,2,8,12.30,13.50,85.00,14,0
428,4,5,6.70,12.30,46.00,8,1
429,17,5,19.60,20.00,96.00,17,0
430,10,6,5.20,12.70,80.00,10,1
431,16,5,17.40,17.80,97.00,17,0
432,18,8,19.20,19.40,99.00,20,0
433,20,8,14.20,16.00,92.00,5,0
434,9,8,15.60,17.10,95.00,15,0
435,11,6,7.80,12.20,58.00,5,1
436,15,7,12.70,16.00,77.00,12,0
437,19,5,7.90,8.90,66.00,2,1
438,12,5,9.50,11.40,60.00,6,1
439,5,8,19.30,20.00,94.00,15,0
440,6,7,5.40,13.20,74.00,8,1
441,20,6,12.70,15.80,94.00,13,0
442,20,6,18.30,18.00,88.00,11,0
443,4,7,8.10,12.50,74.00,9,1
444,12,7,19.20,20.00,96.00,17,0
445,4,8,16.90,18.00,91.00,18,0
446,9,7,7.60,9.00,47.00,5,1
447,10,6,18.40,18.90,91.00,11,0
448,1,7,12.70,13.80,95.00,7,0
449,9,8,10.90,12.40,78.00,5,1
450,16,7,15.40,15.40,99.00,18,0
451,4,8,17.20,19.00,90.00,10,0
452,19,8,7.60,10.20,61.00,7,1
453,17,7,5.00,9.90,65.00,10,1
454,5,8,9.90,13.30,60.00,6,1
455,12,5,11.90,13.20,74.00,10,0
456,7,8,15.20,15.70,99.00,16,0
457,5,7,19.20,20.00,94.00,16,0
458,15,5,10.10,10.00,51.00,10,1
459,9,6,9.30,10.00,50.00,4,1
460,10,6,17.10,19.00,90.00,10,0
461,17,5,7.40,13.40,74.00,3,1
462,5,8,13.90,16.20,80.00,5,0
463,18,6,14.40,15.30,73.00,5,0
464,10,8,5.30,12.40,74.00,3,1
465,12,8,17.40,18.00,99.00,18,0
466,11,8,17.70,18.00,100.00,12,0
467,17,6,17.00,18.60,93.00,19,0
468,4,6,5.60,12.00,65.00,5,1
469,15,8,15.10,19.10,100.00,13,0
470,19,8,11.20,14.50,74.00,10,0
471,2,8,14.00,14.00,90.00,6,0
472,7,6,11.00,13.90,94.00,5,0
473,19,6,18.60,19.00,91.00,17,0
474,5,8,8.20,10.30,79.00,9,1
475,5,5,9.70,12.00,65.00,10,1
476,6,6,8.00,11.40,68.00,9,1
477,17,7,11.50,12.70,77.00,7,0
478,3,6,10.50,16.30,79.00,12,1
479,19,6,12.50,12.90,74.00,10,0
480,14,6,10.70,13.00,57.00,8,1
481,20,8,10.50,11.30,81.00,6,1
482,10,5,8.80,12.00,47.00,9,1
483,5,7,9.40,11.20,48.00,5,1
484,12,8,13.30,13.90,95.00,8,0
485,18,7,15.70,15.70,93.00,19,0
486,9,5,12.10,13.60,80.00,10,0
487,10,5,7.30,8.60,62.00,7,1
488,1,5,5.90,11.20,81.00,10,1
489,14,5,18.50,19.00,88.00,14,0
490,13,8,19.50,20.00,98.00,20,0
491,5,6,6.60,11.90,52.00,5,1
492,10,6,7.50,11.80,68.00,7,1
493,14,7,10.80,11.10,54.00,7,1
494,19,7,11.00,15.10,95.00,8,0
495,14,6,7.90,9.50,47.00,4,1
496,13,5,5.60,9.10,64.00,7,1
497,19,6,16.40,16.80,90.00,18,0
498,20,7,5.40,11.90,73.00,9,1
499,1,6,16.60,19.10,93.00,11,0
500,14,5,19.10,20.00,88.00,15,0
